name;address;lat;lon;external_id;confirmed_on
КофеБон;Санкт-Петербург, Нарвский просп., 22;59.903047;30.274462;osm-59.90305-30.27446;2024-12-23
КофеБон;Санкт-Петербург, Московский просп., 75;59.903127;30.318147;osm-59.90313-30.31815;2025-05-12
КофеБон;Санкт-Петербург, Старо-Петергофский просп., 35Б;59.903470;30.277706;osm-59.90347-30.27771;2025-01-09
КофеБон;Санкт-Петербург, ул. Константина Заслонова, 1;59.920973;30.352743;osm-59.92097-30.35274;2026-04-23
КофеБон;Санкт-Петербург, пер. Бойцова, 4 литА;59.922627;30.310337;osm-59.92263-30.31034;2025-10-21
КофеБон;Санкт-Петербург, ул. Декабристов, 46;59.924847;30.289459;osm-59.92485-30.28946;2025-05-03
КофеБон;Санкт-Петербург, ул. Стахановцев, 10 к3;59.926844;30.408437;osm-59.92684-30.40844;2026-09-08
КофеБон;Санкт-Петербург, пер. Гривцова, 20;59.928386;30.315972;osm-59.92839-30.31597;2025-09-12
КофеБон;Санкт-Петербург, 17-я линия В.О., 32/67;59.939440;30.265329;osm-59.93944-30.26533;2025-08-30
КофеБон;Санкт-Петербург, ул. Наличная, 35 к1;59.941112;30.232718;osm-59.94111-30.23272;2024-10-17
КофеБон;Санкт-Петербург, ул. Моховая, 26;59.942098;30.345513;osm-59.94210-30.34551;2025-08-03
КофеБон;Санкт-Петербург, 9-я линия В.О., 46;59.943934;30.273982;osm-59.94393-30.27398;2025-08-15
КофеБон;Санкт-Петербург, 1-я линия В.О., 54;59.946880;30.284033;osm-59.94688-30.28403;2025-08-12
КофеБон;Санкт-Петербург, ул. Малая Посадская, 20;59.957336;30.324516;osm-59.95734-30.32452;2026-04-23
КофеБон;Санкт-Петербург, ул. Пионерская, 21;59.957806;30.290428;osm-59.95781-30.29043;2023-10-30
КофеБон;Санкт-Петербург, ул. Профессора Попова, 38 литС;59.971167;30.298527;osm-59.97117-30.29853;2024-05-04
КофеБон;Санкт-Петербург, ул. Кантемировская, 2;59.981079;30.325397;osm-59.98108-30.32540;2026-06-24
КофеБон;Санкт-Петербург, ул. Кантемировская, 17;59.984738;30.340735;osm-59.98474-30.34073;2026-08-16
КофеБон;Санкт-Петербург, Большой Сампсониевский просп., 80;59.984813;30.333372;osm-59.98481-30.33337;2025-11-30
КофеБон;Санкт-Петербург, Карельский пер., 3;59.986914;30.295336;osm-59.98691-30.29534;2026-08-22
КофеБон;Санкт-Петербург, наб. Чёрной речки, 2;59.990108;30.301508;osm-59.99011-30.30151;2026-09-14
КофеБон;Санкт-Петербург, ул. Шаврова, 9;60.023068;30.232053;osm-60.02307-30.23205;2024-10-06
