name;address;lat;lon;external_id
Суши Нори, Добрынинская;ул. Большая Серпуховская, 12/11 с2;55.728176;37.624271;nori-osm-001
Суши Нори, Коровий Вал;ул. Коровий Вал, 11;55.728898;37.617578;nori-osm-002
Суши Нори, Валовая;ул. Валовая, 35;55.729446;37.626730;nori-osm-003
Суши Нори, Валовая, 30;ул. Валовая, 30;55.730245;37.626646;nori-osm-004
Суши Нори, Павелецкая;ул. Валовая, 3 с1;55.730408;37.633675;nori-osm-005
Суши Нори, 1-й Монетчиковский;1-й Монетчиковский пер., 5;55.732248;37.628283;nori-osm-006
Суши Нори, Большой Саввинский;Большой Саввинский пер., 11 c1;55.734809;37.568305;nori-osm-007
Суши Нори, Садовническая;Садовническая наб., 75;55.736151;37.640764;nori-osm-008
Суши Нори, Парк Победы;пл. Победы, 2 к1;55.737964;37.522042;nori-osm-009
Суши Нори, Полянка;Болотная наб., 3 с1;55.739894;37.610296;nori-osm-010
Суши Нори, Большой Лёвшинский;Большой Лёвшинский пер., 19 с2;55.741180;37.585445;nori-osm-011
Суши Нори, Новокузнецкая;ул. Пятницкая, 24;55.741362;37.628384;nori-osm-012
Суши Нори, Марксистская;ул. Верхняя Радищевская, 15 c1;55.743435;37.652048;nori-osm-013
Суши Нори, Средний Овчинниковский;Средний Овчинниковский пер., 1 с13;55.745254;37.630719;nori-osm-014
Суши Нори, Николоямская;ул. Николоямская, 28/60;55.746909;37.654974;nori-osm-015
Суши Нори, Смоленская;ул. Арбат, 36/2 стр. 1;55.748703;37.588518;nori-osm-016
Суши Нори, Москва-Сити;1-й Красногвардейский пр., 19;55.750203;37.535531;nori-osm-017
Суши Нори, Мукомольный;Мукомольный пр., 2;55.751149;37.525910;nori-osm-018
Суши Нори, Арбатская;ул. Новый Арбат, 11 с1;55.752241;37.596749;nori-osm-019
Суши Нори, Большой Трёхсвятительский;Большой Трёхсвятительский пер., 2 c1;55.755070;37.645396;nori-osm-020
Суши Нори, Покровка;ул. Покровка, 14/2 с3;55.758571;37.645377;nori-osm-021
Суши Нори, Курская;Нижний Сусальный пер., 5 с4;55.759805;37.662972;nori-osm-022
Суши Нори, Чеховская;Столешников пер., 8;55.762248;37.612710;nori-osm-023
Суши Нори, Улица 1905 года;ул. Красная Пресня, 25 с1;55.762276;37.564847;nori-osm-024
Суши Нори, Трубная;ул. Петровские Линии, 2/18;55.763971;37.618269;nori-osm-025
Суши Нори, Чистые пруды;ул. Мясницкая, 32/1 с1;55.765614;37.638895;nori-osm-026
Суши Нори, Тверская;ул. Тверская, 23/12;55.766639;37.599901;nori-osm-027
Суши Нори, Петровский;Петровский бул., 15 с1;55.768209;37.615961;nori-osm-028
Суши Нори, Тургеневская;ул. Сретенка, 16/2;55.768389;37.632381;nori-osm-029
Суши Нори, Новорязанская;ул. Новорязанская, 29 с3;55.773233;37.669274;nori-osm-030
Суши Нори, Маяковская;1-й Тверской-Ямской пер., 18;55.773664;37.598825;nori-osm-031
Суши Нори, Беговая;ул. Беговая, 7;55.778234;37.556006;nori-osm-032
Суши Нори, Белорусская;ул. Лесная, 9;55.778841;37.588569;nori-osm-033
Суши Нори, ЦСКА;Ходынский бул., 2;55.788997;37.536392;nori-osm-034
