name;category;portion_g;kcal;protein_g;fat_g;carbs_g;price_rub;tags
Боул с курицей и киноа;main;320;446;34;14;46;389;chicken
Боул с лососем;main;300;478;29;22;41;489;fish
Боул с тофу;main;300;387;19;15;44;339;soy
Боул с говядиной терияки;main;320;494;31;18;52;429;beef,soy,gluten
Суп-лапша куриный;main;350;238;18;6;28;229;chicken,gluten
Борщ со сметаной;main;350;223;7;11;24;239;beef,milk
Крем-суп тыквенный;main;300;212;4;12;22;219;milk
Гречка с индейкой;main;300;405;33;9;48;319;meat
Плов с курицей;main;300;484;22;16;63;299;chicken
Сырники со сметаной;main;200;370;22;18;30;279;milk,egg,gluten
Овсянка с ягодами;main;250;307;9;7;52;189;milk,gluten
Омлет с овощами;main;200;263;17;19;6;229;egg,milk
Гречка отварная;side;150;166;6;2;31;89;
Булгур;side;150;174;5;2;34;89;gluten
Брокколи на пару;side;120;53;4;1;7;119;
Салат с тунцом;salad;200;224;21;12;8;319;fish,egg
Салат винегрет;salad;180;161;3;9;17;149;
Салат греческий;salad;200;218;6;18;8;269;milk
Морс брусничный;drink;300;84;0;0;21;109;
Компот из сухофруктов;drink;300;108;0;0;27;99;
Чай чёрный;drink;300;0;0;0;0;79;
Кефир;drink;250;122;7;6;10;99;milk
Соус йогуртовый;sauce;40;43;2;3;2;49;milk
Соус терияки;sauce;30;48;1;0;11;49;soy,gluten
Морковный пирог;dessert;110;338;5;18;39;199;egg,gluten,nuts,milk
